"","ID","HEI","Title-ES","Title-EN","Content-ES","Content-EN","Description-ES","Description-EN","Area","Modality","Target","Level","Workload","Language","Photo","Evaluation","Certification","Keywords","Contact"
"1",1,"Universidade De Aveiro","Recursos y tecnologías de bioplásticos","Bioplastics Resources and Technologies","Recursos y tecnologías de bioplásticos es una titulación universitaria acreditada destinada a responder a las nuevas necesidades del mercado mediante la oferta de un curso a medida para actualizar y profundizar las competencias de personas que trabajan en empresas que gestionan subproductos agroalimentarios, así como en empresas dedicadas a la producción de formulaciones y bioplásticos en diferentes formatos.","Bioplastics Resources and Technologies is an university-accredited qualification to respond to new market needs by providing a tailor-made course to update and deepen the skills of persons working in companies possessing agri-food byproducts, and in companies producing formulations and bioplastics in different forms.","Esta microcredencial tiene como objetivo abordar los retos de los bioplásticos, promoviendo e implementando actividades de formación, divulgación y fomento de la investigación centradas en el ámbito de los materiales bioplásticos. Al finalizar la microcredencial, cada estudiante deberá ser capaz de:
O1. Identificar biopolímeros de interés para la producción de bioplásticos.
O2. Identificar fuentes de biopolímeros, en particular subproductos de la industria agroalimentaria, y definir metodologías para la estabilización y extracción de biomoléculas de interés.
O3. Implementar, en función de las características de cada biopolímero, las modificaciones necesarias en las formulaciones y en la aplicación de las tecnologías de procesado actuales.
O4. Conocer los principales tipos y características de los bioplásticos, la situación actual del mercado y las tendencias futuras.
La docencia se desarrolla en un régimen híbrido, combinando enseñanza presencial y a distancia, aprendizaje basado en problemas, estrategias de resolución de problemas y sesiones prácticas en laboratorio y plantas piloto. Las clases teóricas se imparten en modalidad en línea (5 h) y las prácticas (20 h) se realizan predominantemente bajo un régimen tutorial, centradas en sesiones experimentales de trabajo con los equipos y sistemas de procesado, con el apoyo del profesorado.","This microcredential intends to fulfill the challenges of bioplastics, fostering and implementing training, dissemination, and research promotion activities focused on the field of bioplastic materials. At the end of the microcredential, each student must be able to:
O1. Identify biopolymers of interest for the production of bioplastics.
O2. Identify sources of biopolymers, namely byproducts from agrofood industries,
define methodologies for stabilization and extraction of biomolecules of interest.
O3. Implement, based on the characteristics of each biopolymer, the necessary modifications in formulations and in the application of current processing technologies.
O4. Know the main types and characteristics of bioplastics, current market situation and
future trends.
The teaching take place in a hybrid regime: face-to-face and distance learning, problembased leaning, problem-solving strategy, practical sessions at laboratory and pilot-plants. The theoretical classes are online (5h) and the practical ones (20h) are predominantly under a tutorial regime, focused on working experimental sessions with the equipment and processing systems, supported by the teachers.","Plásticos y polímeros","Virtual - Sincrónico, Presencial","Operarios / técnicos, Estudiantes de posgrado, Profesionales de la industria","Avanzado","25 h","Português/English","https://www.dropbox.com/scl/fo/1a06goxgts59rtybq7s4u/ANshhcO-5S0EJbbhVcNS9hE?rlkey=bm5lwf0w7p9mszyb87wnp6wp7\&st=891z4g9i\&dl=0","Evaluación mediante informe final, su presentación y discusión./ Assessment by final report, its presentation and discussion.","Aprobación","Economía circular; Procesado; Caracterización/Circular Economy; Processing; Characterization","Paula Ferreira (pcferreira@ua.pt)"
"2",2,"Universidade De Aveiro","Plásticos sostenibles: desde las materias primas hasta el diseño de productos","Sustainable Plastics - from feedstocks to product design","El curso Plásticos sostenibles: desde materias primas naturales hasta el diseño de productos es una titulación acreditada por la universidad destinada a responder a nuevas oportunidades de movilidad, y ofrece un curso intensivo de modalidad mixta (virtual y presencial) que brinda a los estudiantes la oportunidad de adquirir competencias para desarrollar e implementar un proyecto experimental.","The Sustainable Plastics - from natural raw materials to product design course is a qualification accredited by the university to respond to new mobility opportunities, offering a mixed (virtual and face-to-face) intensive course to give students the opportunity to gain skills to implement an experimental project.","El cambio climático y la creciente conciencia sobre la necesidad de modificar el actual paradigma del uso de plásticos fósiles han hecho urgente encontrar soluciones alternativas que reduzcan la huella ecológica y respondan a los desafíos actuales del Green Deal, alineándose con la Agenda 2030 y los objetivos de desarrollo sostenible de las Naciones Unidas.
En este contexto, el micromódulo Plásticos sostenibles: desde materias primas naturales hasta el diseño de productos tiene como objetivo proporcionar los conceptos y conocimientos de investigación sobre el reto de crear productos poliméricos avanzados a partir de recursos renovables, naturales y sostenibles. En particular, el micromódulo ofrecerá formación en: ciencia y tecnología de materiales poliméricos y compuestos que faciliten competencias directamente aplicables en el ámbito laboral; reutilización de residuos industriales para un diseño circular; tecnologías de procesamiento de plásticos tradicionales y emergentes; caracterización avanzada de materiales poliméricos; y fabricación de plásticos sostenibles orientada al diseño y la funcionalidad.
El curso está diseñado para otorgar 3 ECTS (81 horas de contacto en total) y generar el conocimiento práctico necesario para enfrentar los desafíos de los bioplásticos dentro de la economía circular en la industria de fabricación de plásticos.","Climate change and the growing awareness of the need to change the current paradigm of the use of fossil plastics have made it urgent to find alternative solutions that reduce the ecological footprint and meet the current challenges of the Green Deal and aligned with Agenda 2030 and the development goals of the United Nations sustainability. 
In this context, the Sustainable Plastics - from natural raw materials to product design micromodule aims to provide the concepts and research on the challenge of creating advanced polymeric products from renewable, natural, and sustainable resources. Specifically, the micromodule will provide knowledge in: polymeric and composite materials science and technology that enable job-ready skills; industrial waste reuse for circular design; traditional and emerging plastics processing technologies; advanced polymeric materials characterization; design and functionality-oriented sustainable plastic manufacturing. 
The course is planned to have 3 ECTS (81 total contact hours) to generate the know-how adapted to the challenges of bioplastics within the circular economy in the plastics manufacturing industry. 
","Plásticos y polímeros","Virtual - Sincrónico, Presencial","Estudiantes de posgrado","Intermedio","81 h","English","https://www.dropbox.com/scl/fo/1k3od6cs06sdplkkikba9/ABE34KCjeJSbTq__p2Plgj0?rlkey=ymg8kckxxjv56frso49osu0wi\&st=eexf2xha\&dl=0","Evaluación mediante informe final, su presentación y discusión/ Assessment by final report, its presentation and discussion.","Aprobación","Evaluación del ciclo de vida; fabricación; aprendizaje basado en proyectos/Life cycle assessment; manufacturing; project-based learning","Paula Ferreira (pcferreira@ua.pt)"
"3",3,"Universidade De Aveiro","UACOOPERA - Cooperación y transferencia de conocimiento","UACOOPERA - Cooperation and knowledge transfer","Fomentar una cultura de innovación y transferencia de conocimiento, apoyando al ámbito académico en la resolución de desafíos y en la provisión de soluciones para las empresas y la sociedad en general.","Fostering a culture of innovation and knowledge transfer, while supporting the academic community in addressing challenges and providing solutions for business and society in general.","UA-COOPERA promueve la valorización y transferencia del conocimiento generado en el ámbito académico hacia la sociedad, fomentando una estrecha colaboración con el sector empresarial y otras instituciones regionales.","UA-COOPERA promotes the valorization and transfer of knowledge generated within the Academy to society, fostering close collaboration with the entrepreneurial sector and other regional institutions.","Innovación y tecnología, Entrepreneurship and Business Support/ Intellectual Property and Commercialization","Presencial, In Company","Profesionales de la industria","Avanzado","not applicable","Português/English","https://www.dropbox.com/scl/fo/zk3kksdibsuh5h136guze/AKut9JWVHf68ZGR-oiHBWlc?rlkey=fn4hzmoa99gmqesrxl6rj76d8\&st=yehtfzgx\&dl=0","not applicable","Otra","Emprendimiento; Propiedad intelectual; Transferencia de conocimiento/ Entrepreneurship; Intellectual Property; Knowledge transfer","Paula Ferreira (pcferreira@ua.pt)"
"4",4,"Universidad De Santiago De Chile","Diplomado Economía Circular","Circular Economy Diploma","El Diplomado en Economía Circular aborda los fundamentos y principios de la economía circular desde una perspectiva sistémica, considerando la emergencia climática y la transición hacia modelos de desarrollo sustentables. Integra contenidos sobre innovación y diversificación productiva, herramientas y metodologías para la implementación de la economía circular en sistemas productivos, diseño y evaluación de modelos de negocio circulares, y el enfoque de territorios circulares, incluyendo políticas públicas, gestión local, simbiosis industrial y colaboración entre sector público, privado y ciudadanía, culminando con el desarrollo de un proyecto aplicado de economía circular.","The Circular Economy Diploma Program covers the fundamentals and principles of the circular economy from a systems-thinking perspective, addressing climate emergency challenges and sustainable development transitions. It includes innovation and productive diversification, tools and methodologies for implementing circular economy practices in productive systems, design and assessment of circular business models, and the concept of circular territories, encompassing public policy, local governance, industrial symbiosis, and multi-stakeholder collaboration, concluding with the development of an applied circular economy project.","Modalidad virtual con actividades sincrónicas y asincrónicas (total 180 horas), con clases expositivas, actividades individuales y trabajo colaborativo; cada módulo considera una clase sincrónica de coordinación/intercambio y una charla/conferencia especializada.","Online program combining synchronous and asynchronous activities (180 total hours), including lectures, individual tasks and collaborative work; each module includes a synchronous coordination session plus a specialized talk/lecture.","Medioambiente, Innovación y tecnología","Virtual - Sincrónico","Estudiantes de grado, Estudiantes de posgrado, Profesionales de la industria","Avanzado","180","Español","https://drive.google.com/file/d/1_e0pd4YxyiR56fv6T1NRDCm0mTS-VSrc/view?usp=drive_link","Trabajos colaborativos.","Aprobación, Participación/Asistencia","economía circular, visión sistémica, innovación, modelos de negocio circulares, simbiosis industrial, territorios circulares,","economiacircular@usach.cl"
"5",5,"Universidad De Santiago De Chile","Economía Circular.","Circular Economy","El curso aborda la economía circular como la optimización de recursos materiales bajo criterios de sustentabilidad, incorporando el enfoque de “residuo cero” o reintroducción de materiales en sistemas productivos, considerando desafíos tecnológicos y financieros y un reordenamiento industrial y social; la metodología incluye revisión de casos reales aplicados (OCDE) con referencia a PYMES del País Vasco (Euskadi), cubriendo aspectos metodológicos de implementación de planes, ejecución y presentación de resultados en gestión de residuos.","The course covers circular economy as the optimization of material resources under sustainability criteria, including the “zero waste” approach or reintegration of materials into productive systems, considering technological and financial challenges and broader industrial/social reorganization; it also reviews real implementation cases (OECD), using Basque Country SMEs (Euskadi) as reference, focusing on methods for plan implementation, execution, and results reporting in waste management","Modalidad e-learning, con relatoría que expone casos reales y explicaciones metodológicas (implementación, ejecución y resultados), en horario vespertino.","E-learning delivery, with instruction based on real case studies and methodological explanations (implementation, execution, and results), scheduled in the evening.","Medioambiente","Virtual - Sincrónico","Estudiantes de grado, Estudiantes de posgrado, Profesionales de la industria","Introductorio / básico","40","Español","https://drive.google.com/file/d/1UKBzDjnZ1lKeqfz8eAlBYNpilvaTuv9b/view?usp=drive_link","Evaluaciones escritas, orales y/o prácticas.","Aprobación","economía circular, residuo cero, gestión de residuos,","capacitacionlaserena@usach.cl"
"6",6,"Universidad De Santiago De Chile","Técnicas de gestión y reducción del impacto medio ambiental de envases y embalajes","echniques for Managing and Reducing the Environmental Impact of Packaging and Packagings","El curso aborda conceptos de sostenibilidad y economía circular aplicados a envases y embalajes, la clasificación de nuevos materiales de envase con menor impacto ambiental, y la aplicación de criterios y responsabilidades asociados a biodegradabilidad, compostabilidad y ecotoxicidad de materiales de envases, en concordancia con la Ley 20.920 (Ley REP) para productores de envases y embalajes.","The course covers sustainability and circular economy concepts for packaging, how to classify new lower-impact packaging materials, and how to apply responsibilities and concepts related to biodegradability, compostability, and ecotoxicity of packaging materials, aligned with Chile’s Law 20.920 (Extended Producer Responsibility / “Ley REP”) for packaging producers.","Modalidad E-learning, dictado en 4 sesiones","E-learning delivery in 4 sessions","Plásticos y polímeros, Gestión y seguridad","Virtual - Sincrónico","Operarios / técnicos, Profesionales de la industria","Introductorio / básico","8","Español","https://drive.google.com/file/d/1rBxOS_hnzM1gt1ENh-kDDcjF802B0ltw/view?usp=drive_link","Asistencia","Participación/Asistencia","economía circular, envases, embalajes, materiales de envase, Ley REP","sara.martinez@usach.cl"
"7",7,"Universidad Nacional Del Sur","Clasificación de Plásticos y Reciclado Mecánico","Basic Training on Plastic Classification and Mechanical Recycling","El curso aborda temas básicos como qué son los plásticos y cómo se comportan bajo diferentes condiciones, y por qué es importante no mezclarlos. También incluye contenidos relacionados con la clasificación de plásticos mediante técnicas accesibles, los conceptos fundamentales y criterios del reciclado mecánico, y los procedimientos de seguridad que deben considerarse durante el proceso. Además, se analizará el rol ambiental de las actividades de separación dentro de la economía circular de estos materiales.","The course covers basic topics such as what plastics are and how they behave under different conditions, and why it is important not to mix them. It also includes topics related to plastic classification using accessible techniques, fundamental concepts and criteria of mechanical recycling, and safety procedures to be considered during the process. In addition, the environmental role of sorting activities within the circular economy of these materials will be analyzed.","La capacitación adopta un enfoque participativo basado en la
experiencia de los participantes, utilizando situaciones reales de
trabajo. Se priorizan recursos visuales, ejemplos concretos y
actividades prácticas con materiales reales. La metodología combina
exposiciones breves, dinámicas grupales y ejercicios de
identificación y clasificación de plásticos, adaptados al contexto
operativo.","The training adopts a participatory approach that incorporates the specific
experience of the participants. Guiding questions will be used to facilitate
understanding and engagement with the content through real work
situations. Emphasis will be placed on visual resources, concrete examples,
and hands-on activities with real materials, encouraging learning through
observation, comparison, and collective reflection. Throughout the sessions,
efforts will be made to connect technical knowledge with the participants’
everyday experience, creating a space for joint knowledge building. The
methodology combines short presentations, group dynamics, exercises for
identifying and classifying plastics, and the development of simple sorting
guidelines, all adapted to the operational context of the
company/cooperative. This approach aims to strengthen key technical skills
for improving separation and recovery processes, while promoting more
efficient and environmentally responsible practices.","Plásticos y polímeros, Medioambiente","In Company","Operarios / técnicos, Profesionales de la industria","Introductorio / básico","5hs día - 2 días","5hs/día - 2 días","https://drive.google.com/file/d/1xtecUCYLRiLJnNfHLN0c8oEoU_xxL0ht/view?usp=drive_link","Se utilizarán herramientas lúdicas e interactivas para reforzar los conceptos aprendidos / Interactive recreational tools will be used to reinforce the concepts learned.","Aprobación, Participación/Asistencia","RESIDUOS PLÁSTICOS, RECICLAJE, SOSTENIBILIDAD / PLASTIC WASTE, RECYCLING, SUSTAINABILITY","ott@plapiqui.edu.ar"
"8",8,"Universidad Nacional Del Sur","Métodos de Análisis de Polímeros","Polymer Testing Methods","Diseño de cursos ad-hoc para cubrir las necesidades específicas de tecnólogos, estudiantes, ingenieros de diseño e investigadores. Los métodos de ensayo abarcados se enfocan en la caracterización de todo tipo de propiedades físicas y químicas, incluidas las pruebas mecánicas, ópticas, térmicas, de barrera y procesabilidad.","Ad-hoc courses tailored to cover the specific needs of materials technologists, students, design engineers and researchers. The testing methods covered are focused on the characterization of the whole range of physical and chemical properties, including mechanical, optical, thermal, barrier and processability tests.","El curso se dicta mediante clases estructuradas que pueden
desarrollarse de manera presencial o virtual. Se fomenta la
participación activa mediante discusiones guiadas, preguntas e
intercambios interactivos para promover una comprensión más
profunda.","The course is delivered through structured lectures that may be
conducted either in person or virtually. Sessions include
comprehensive presentations of the developed topics. Active
participant engagement is encouraged through guided discussions,
questions, and interactive exchanges to promote deeper
understanding.","Plásticos y polímeros","Presencial","Operarios / técnicos, Estudiantes de grado, Estudiantes de posgrado, Profesionales de la industria","Introductorio / básico","-","Español","https://drive.google.com/file/d/1yZRCqHDvq6hous_Yqsyg_kl4grknkyrV/view?usp=drive_link","Los participantes serán evaluados mediante un examen final y/o un trabajo final integrador, diseñado para evaluar tanto la comprensión conceptual como la capacidad de aplicar los conocimientos adquiridos a escenarios prácticos. / Participants will be evaluated through a final examination and/or a comprehensive integrative final project, designed to assess both conceptual understanding and the ability to apply acquired knowledge to practical scenarios.","Participación/Asistencia","CARACTERIZACIÓN DE POLÍMEROS, MÉTODOS ANALÍTICOS, PROPIEDADES FÍSICAS Y QUÍMICAS / POLYMER CHARACTERIZATION TECHNIQUES, ANALYTICAL METHODS, PROCESSABILITY TESTS","ott@plapiqui.edu.ar"
"9",9,"Universidad Nacional Del Sur","Procesos Poliméricos","Polymer Processes","Cursos ad-hoc que se adapta a necesidades específicas. Los posibles contenidos incluyen: polimerización radicalaria convencional y controlada; procesos Ziegler-Natta y metalocénicos; polimerización por etapas; medición y predicción de distribuciones de peso molecular; copolímeros; polimerizaciones en masa, suspensión, emulsión, solución, fase gaseosa y otras tecnologías; modificación post-reactor: reología controlada, funcionalización, degradación, ejemplos industriales de procesos poliméricos.","Ad-hoc courses for each interested party, tailored to its specific needs. Possible contents include: conventional and controlled free radical polymerization; Ziegler-Natta and metallocenic processes; stepwise polymerization; measurement and prediction of molecular weight distributions; copolymers; polymerizations in mass, suspension, emulsion, solution, gas-phase and other technologies; post-reactor modification: controlled rheology, functionalization, degradation, industrial examples of polymer processes.","El curso se dicta mediante clases presenciales o virtuales. Se
fomenta la participación activa mediante discusiones guiadas,
preguntas e intercambios interactivos. Se realiza una sesión práctica
que permite a los participantes aplicar los conceptos abordados
durante el curso en un contexto práctico y fortalecer sus habilidades
técnicas mediante la experiencia directa.","The course is delivered through structured lectures that may be
conducted either in person or virtually. Active participant
engagement is encouraged through guided discussions, questions,
and interactive exchanges to promote deeper understanding. A
practical session will be conducted, allowing participants to apply the
concepts covered during the course in a hands-on context and to
strengthen their technical skills through direct experience.","Plásticos y polímeros","Presencial","Estudiantes de posgrado, Profesionales de la industria","Intermedio","-","Español","https://drive.google.com/file/d/1q3aG0LNGI2H_uid0Od01La1UAhEcwx2P/view?usp=drive_link","Los participantes serán evaluados mediante un examen final y/o un trabajo final integrador / Participants will be evaluated through a final examination and/or a comprehensive integrative final project.","Aprobación, Participación/Asistencia","POLIMERIZACIÓN, DISTRIBUCIÓN DE PESOS MOLECULARES MODIFICACIÓN POSTREACTOR / POLYMERIZATION PROCESSES, MOLECULAR WEIGHT DISTRIBUTION, POST-REACTOR MODIFICATION","ott@plapiqui.edu.ar"
"10",10,"Universidad Nacional Del Sur","Arquitectura Macromolecular","Macromolecular Architectures","La arquitectura macromolecular involucra la síntesis, el diseño y el desarrollo de polímeros “a medida” mediante diferentes métodos sintéticos. En este curso se cubrirán diferentes tópicos de la Ciencia de Polímeros relacionados con la síntesis, desde las polimerizaciones mediante crecimiento en etapas o en cadena hasta las recientes radicalarias, y caracterización de estructuras macromoleculares complejas.","Macromolecular architectures involve synthesis, design and development of tailor-made polymers by employing different synthetic methods. From conventional step-growth or chain-growth to latest controlled radical polymerizations, in this course different Polymer Science topics regarding the synthesis and characterization of complex macromolecular structures are covered.","El curso se dicta mediante clases presenciales o virtuales. Se
fomenta la participación activa mediante discusiones guiadas,
preguntas e intercambios interactivos para promover una
comprensión más profunda.","The course is delivered through structured lectures that may be
conducted either in person or virtually. Sessions include
comprehensive presentations of the developed topics. Active
participant engagement is encouraged through guided discussions,
questions, and interactive exchanges to promote deeper
understanding.","Plásticos y polímeros","Virtual - Sincrónico, Virtual - Asincrónico, Presencial","Estudiantes de posgrado, Profesionales de la industria","Intermedio","-","Español","https://drive.google.com/file/d/18dQ1I324JIaYgCW5ApGnyOMpwWkMKa-o/view?usp=drive_link","Los participantes serán evaluados mediante un examen final y/o un trabajo final integrador, diseñado para evaluar tanto la comprensión conceptual como la capacidad de aplicar los conocimientos adquiridos a escenarios prácticos. / Participants will be evaluated through a final examination and/or a comprehensive integrative final project, designed to assess both conceptual understanding and the ability to apply acquired knowledge to practical scenarios.","Aprobación, Participación/Asistencia","SÍNTESIS AVANZADA, POLÍMEROS A MEDIDA ESTRUCTURA MACROMOLECULAR / ADVANCED POLYMER SYNTHESIS, TAILOR-MADE POLYMERS, CONTROLLED AND LIVING POLYMERIZATION","ott@plapiqui.edu.ar"
"11",11,"Universidad Nacional Del Sur","Cromatografía de Gases","Gas Chromatography","La cromatografía de gases (GC) es una herramienta analítica ampliamente utilizada para la caracterización cualitativa y cuantitativa de diferentes muestras. Algunos ejemplos son el análisis de productos naturales, composición de alimentos, aditivos alimentarios, componentes de sabor y aroma, gas natural, una gran variedad de productos de transformación, materiales de envasado y contaminantes. El curso cubre aspectos básicos y prácticos del manejo de la GC.","Gas chromatography (GC) is a widely used analytical tool for qualitative and quantitative characterization of different samples. Examples of typical applications involving GC technique are analysis of natural products, food composition, food additives, flavor and aroma components, natural gas, a variety of transformation products, packaging materials and contaminants (such as environmental pollutants, fumigants pesticides and natural toxins). The course covers basic and practical aspects of handling GC.","El curso se dicta mediante clases presenciales o virtuales. Se
fomenta la participación activa mediante discusiones guiadas,
preguntas e intercambios interactivos. Se realiza una sesión práctica
que permite a los participantes aplicar los conceptos abordados
durante el curso y fortalecer sus habilidades técnicas a través de la
experiencia.","The course is delivered through structured lectures that may be
conducted either in person or virtually. Sessions include
comprehensive presentations of the developed topics. Active
participant engagement is encouraged through guided discussions,
questions, and interactive exchanges to promote deeper
understanding. A practical session will be conducted, allowing
participants to apply the concepts covered during the course in a
hands-on context and to strengthen their technical skills through
direct experience.","Análisis Químico Instrumental","Virtual - Sincrónico, Virtual - Asincrónico, Presencial","Estudiantes de posgrado, Profesionales de la industria","Avanzado","-","Español","https://drive.google.com/file/d/1s8Kt9klf3bJ8iv2Nv1tCl45j-1gYt4f0/view?usp=drive_link","Los participantes serán evaluados mediante un examen final y/o un trabajo final integrador. / Participants will be evaluated through a final examination and/or a comprehensive integrative final project.","Aprobación, Participación/Asistencia","CROMATOGRAFÍA DE GASES, ANÁLISIS COMPOSICIONAL MANEJO DE GC / APPLIED GAS CHROMATOGRAPHY, GC TROUBLESHOOTING AND OPTIMIZATION, ANALYTICAL INSTRUMENTATION","ott@plapiqui.edu.ar"
"12",12,"Universidad Nacional Del Sur","Biopolímeros","Biopolymers","Los biopolímeros y los materiales biodegradables se proponen como materiales alternativos a los polímeros sintéticos. Están encontrando nuevas aplicaciones industriales y comerciales: envases, insumos médicos y autopartes, entre otras. En este contexto, resultan relevantes aspectos como los métodos de obtención, las tecnologías de procesamiento, los costos, la sostenibilidad ambiental, las características, las propiedades finales y el desarrollo de productos. Este curso ofrece una visión general del campo de los biopolímeros, desde su obtención hasta su caracterización, propiedades y aplicaciones.","Biopolymers and biodegradable materials are proposed as alternative materials to synthetic polymers. They are finding new industrial and commercial applications: packaging, medical supplies, and automotive parts, among others. Thus, some aspects including obtaining methods, processing technologies, costs, environmental sustainability, characteristics, final properties, and developing products are relevant. This course gives an overview of the biopolymer field from the obtaining to characterization, properties, and applications of these materials.","El curso se dicta mediante clases presenciales o virtuales. Se
fomenta la participación activa mediante discusiones guiadas,
preguntas e intercambios interactivos.","The course is delivered through structured lectures that may be
conducted either in person or virtually. Sessions include
comprehensive presentations of the developed topics. Active
participant engagement is encouraged through guided discussions,
questions, and interactive exchanges to promote deeper
understanding.","Plásticos y polímeros","Virtual - Sincrónico, Virtual - Asincrónico, Presencial","Estudiantes de posgrado, Profesionales de la industria","Intermedio","-","Español","https://drive.google.com/file/d/1GHlD0k7PKCx2Xvmpb2RW3mC2SoNXheLe/view?usp=drive_link","Los participantes serán evaluados mediante un examen final y/o un trabajo final integrador, diseñado para evaluar tanto la comprensión conceptual como la capacidad de aplicar los conocimientos adquiridos. / Participants will be evaluated through a final examination and/or a comprehensive integrative final project, designed to assess both conceptual understanding and the ability to apply acquired knowledge.","Aprobación, Participación/Asistencia","BIOPOLÍMEROS, PROCESAMIENTO Y CARACTERIZACIÓN APLICACIONES INDUSTRIALES / BIOPOLYMERS SCIENCE AND TECHNOLOGY, BIOPOLYMER PROCESSING AND CHARACTERIZATION, BIO-BASED POLYMER MATERIALS","ott@plapiqui.edu.ar"
"13",13,"Universidad Nacional De Córdoba","Diplomatura Universitaria en Economía Circular y Estrategias de Sustentabilidad","University Diploma in Circular Economy and Sustainability StrategiesEconomía circular y ODS; gestión de residuos; diseño de procesos circulares; estrategias de reinserción de materiales reciclados (incluidos plásticos).","Economía circular y ODS; gestión de residuos; diseño de procesos circulares; estrategias de reinserción de materiales reciclados (incluidos plásticos).","Circular economy and SDGs; waste management; circular process design; strategies for reintroducing recycled materials (including plastics).","Formación estructurada que combina teoría y práctica, con análisis de casos, visitas guiadas y proyectos aplicados a contextos reales de economía circular.","Structured training that combines theory and practice, with case studies, guided tours and projects applied to real-world circular economy contexts.","Plásticos y polímeros, Medioambiente, Gestión y seguridad, Economía Circular","Virtual - Sincrónico, Virtual - Asincrónico, Presencial","Operarios / técnicos, Estudiantes de grado, Estudiantes de posgrado, Profesionales de la industria, Público en general","Intermedio","120 horas","Español","https://drive.google.com/drive/folders/1y-JV-ptb4HZ3MLcePEzEcKS6xl2Sz26g?usp=sharing","Trabajo final aplicado.","Aprobación","Economía circular, reciclaje, gestión ambiental","Secretaría de Políticas de Sustentabilidad – UNC"
"14",14,"Universidad Nacional De Córdoba","Formación para Trabajadores/as de la Economía Circular.","Training for Workers in the Circular Economy","Economía circular; empleo verde; proceso productivo y cadena de valor; negociación y comercialización; planificación estratégica.","Circular economy; green jobs; production process and value chain; negotiation and marketing; strategic planning.","Curso gratuito presencial de 5 encuentros para promover herramientas organizativas y productivas aplicadas a reciclaje y reutilización.","Free face-to-face course of 5 sessions to promote organizational and productive tools applied to recycling and reuse.","Plásticos y polímeros, Medioambiente, Economía Circular","Presencial","Operarios / técnicos, Emprendedores, cooperativistas, MiPyMEs y recuperadores urbanos.","Introductorio / básico","15 horas","Español","https://drive.google.com/file/d/1Fg2j3LhJ1L3dOJPzhN9X9H8Fipp0XRIL/view?usp=sharing","Trabajo grupal y participación activa.","Aprobación","Economía circular, reciclaje, empleo verde.","Secretaría de Extensión Universitaria – UNC"
"15",15,"Universidad Nacional De Córdoba","Diplomatura Universitaria en Nuevas Economías","University Diploma in New Economies","Contexto actual y crisis socio-ecológica, Sistemas B y evaluación de impacto, Economía del Bien Común, Economía regenerativa, Economía circular y diseño de sistemas sostenibles, Economía social, solidaria y cooperativa, Saberes ancestrales y buen vivir, Economías locales y soberanía alimentaria, Banca ética y modelos alternativos de financiamiento.","Current context and socio-ecological crisis, B Systems and impact assessment, Economy for the Common Good, Regenerative economy, Circular economy and sustainable systems design, Social, solidarity and cooperative economy, Ancestral knowledge and good living, Local economies and food sovereignty, Ethical banking and alternative financing models.","Formación avanzada y crítica, articulada en 13 módulos semanales con una estructura mixta teórico-práctica: Presentación de contenido conceptual y casos inspiradores; Clase sincrónica (aprox. 3 h) para profundizar en el tema con el/la mismo/a referente; Encuentros de síntesis (“islas”) para reflexión colectiva y puesta en común del aprendizaje; Actividades autónomas con entregas evaluadas (4 trabajos) para asegurar aplicación del pensamiento crítico en contextos reales.
La experiencia está diseñada para generar una mirada propia sobre modelos económicos alternativos y su impacto social y ambiental, con énfasis en la práctica contextualizada.","Advanced and critical training, structured in 13 weekly modules with a blended theoretical-practical approach: Presentation of conceptual content and inspiring case studies; Synchronous class (approx. 3 hours) to delve deeper into the topic with the same instructor; Synthesis sessions (“islands”) for collective reflection and sharing of learning; Independent activities with graded assignments (4 projects) to ensure the application of critical thinking in real-world contexts.

The experience is designed to foster an individual perspective on alternative economic models and their social and environmental impact, with an emphasis on contextualized practice.","Plásticos y polímeros, Medioambiente, Innovación y tecnología, Sostenibilidad Ambiental, Economía Circular","Virtual - Sincrónico","Operarios / técnicos, Estudiantes de grado, Estudiantes de posgrado, educadores/as, consultores/as, agentes de cambio","Intermedio","120 horas","Español","https://drive.google.com/file/d/1ItG3FNQP-i9S-I0uvmMJdHOcjG3CZlNO/view?usp=sharing","Entregas de trabajos autonomos. Evaluación sumativa.","Aprobación","economía circular, economía regenerativa, transformación socio-económica","Facultad de Ciencias Económicas – UNC"
"16",16,"Universidad Nacional De Colombia","Diseño ambiental de procesos","Environmental process design","Evaluación de desempeño ambiental de procesos; mejoramiento ambiental de procesos (análisis por operaciones unitarias, análisis integrado de diagramas de proceso, evaluación ambiental de diagramas de proceso, contabilidad de costos ambientales de proceso).","Environmental performance assessment of processes; environmental process improvement (analysis by unit operations, integrated process flow diagram analysis, environmental assessment of process diagrams, environmental process cost accounting).","Presentaciones magistrales, talleres prácticos de los temas cubiertos, tareas y ejercicios de afianzamiento, talleres de simulación de procesos y talleres de análisis de ciclo de vida en software libre.","Lectures, practical workshops on the covered topics, assignments and reinforcement exercises, process simulation workshops, and life-cycle analysis workshops using open-source software.","Plásticos y polímeros, Medioambiente, Procesos químicos","Presencial","Estudiantes de grado, Estudiantes de posgrado","Intermedio","64 horas de dictado - 128 horas de carga horaria","Español","https://drive.google.com/file/d/1yO_pUKYdPNvahNYPkVw1M4-IlnGgbaOy/view?usp=sharing","Mediante talleres y tareas","Aprobación","Diseño ambiental, evaluación ambiental, análisis de ciclo de vida. Environmental design, environmental assessment, life-cycle analysis.","Área Curricular de Ingeniería Química y Ambiental - Universidad Nacional de Colombia - Sede Bogotá dirareaciqa_fibog@unal.edu.co (+57) (601) 3165000 Ext. 14304 Dirección: Bogotá, Av. Cra 30 N. 45 -03, Edificio 412 oficina 212"
"17",17,"Universidad Nacional De Colombia","Análisis de ciclo de vida (ACV)","Life Cycle Assessment (LCA)","Introducción al ACV; definición de objetivo y alcance en los ACV; inventario de ciclo de vida; evaluación de impactos de ciclo de vida; software para ACV y manejo de datos; limitaciones del ACV.","Introduction to LCA; goal and scope definition in LCA; life cycle inventory; life cycle impact assessment; LCA software and data management; limitations of LCA.","El curso se desarrolla mediante clases magistrales con presentaciones interactivas y ejemplos prácticos; talleres guiados con ejercicios aplicados en cada etapa del ACV; uso de estudios de caso para contextualizar aplicaciones en Colombia; trabajo en equipo para el desarrollo del proyecto semestral; supervisión periódica para orientar a los estudiantes; integración de herramientas digitales y software como openLCA.","The course is conducted through lectures with interactive presentations and practical examples; guided workshops with applied exercises for each LCA stage; case studies to contextualize applications in Colombia; teamwork for developing the semester project; periodic project supervision; integration of digital tools and software such as openLCA.","Plásticos y polímeros, Medioambiente, ACV","Presencial","Estudiantes de posgrado","Introductorio / básico","64 horas de dictado - 128 horas de carga horaria","Español","https://drive.google.com/file/d/17XWKXecI5xUIxABKS0zXll8t0GPTPw9-/view?usp=drive_link","Mediante un proyecto, talleres y un examen final","Aprobación","análisis de ciclo de vida, evaluación ambiental, huella ambiental. Life cycle assessment, environmental assessment, environmental footprint","Área Curricular de Ingeniería Química y Ambiental - Universidad Nacional de Colombia - Sede Bogotá dirareaciqa_fibog@unal.edu.co (+57) (601) 3165000 Ext. 14304 Dirección: Bogotá, Av. Cra 30 N. 45 -03, Edificio 412 oficina 212"
"18",18,"Universidad Nacional De Colombia","Transformación de polímeros","Polymer processing","Introducción a los procesos de transformación; balance macroscópico y ecuación de continuidad; esfuerzo y deformación; proceso de extrusión; moldeo por inyección; otras operaciones (termoformado, calandrado, moldeo rotacional).","Introduction to polymer processing; macroscopic balance and continuity equation; stress and strain; extrusion process; injection molding; other operations (thermoforming, calendering, rotational molding).","El curso se lleva a cabo mediante presentaciones magistrales por parte del docente; resolución de problemas enfocados en el modelamiento; preparación independiente de algunos temas por parte del estudiante; prácticas de laboratorio para consolidar los conocimientos; y visitas industriales para reforzar la comprensión de los procesos reales.","The course is delivered through lectures by the instructor; problem-solving sessions focused on modeling; independent preparation of selected topics by students; laboratory practices to consolidate knowledge; and industrial visits to strengthen understanding of real processing operations.","Plásticos y polímeros","Presencial","Estudiantes de grado, Estudiantes de posgrado","Introductorio / básico","64 horas de dictado - 128 horas de carga horaria","Español","https://drive.google.com/file/d/1Ax7Mrn7lqhnOBJG2R6kc7GckZcV20gwa/view?usp=drive_link","Mediante talleres y evaluaciones","Aprobación","procesamiento de polímeros, extrusión, moldeo por inyección / polymer processing, extrusion, injection molding","Área Curricular de Ingeniería Química y Ambiental - Universidad Nacional de Colombia - Sede Bogotá dirareaciqa_fibog@unal.edu.co (+57) (601) 3165000 Ext. 14304 Dirección: Bogotá, Av. Cra 30 N. 45 -03, Edificio 412 oficina 212"
"19",19,"Universidad Nacional De Colombia","Procesos de polimerización","Polymerization processes","El curso incluye los siguientes temas: introducción y generalidades; procesos de copolimerización; polimerización en sistemas homogéneos; polimerización en suspensión; polimerización en emulsión.","The course covers the following topics: introduction and general concepts; copolymerization processes; polymerization in homogeneous systems; suspension polymerization; emulsion polymerization.","Además de planear y ejecutar prácticas de laboratorio orientadas a la obtención de materiales poliméricos de interés, los temas del curso se desarrollan mediante presentaciones del profesor, exposiciones realizadas por grupos de estudiantes, seminarios y talleres. La parte práctica se lleva a cabo de manera dirigida, con el fin de aplicar los conceptos estudiados en la parte teórica.","In addition to planning and conducting laboratory practices aimed at producing relevant polymeric materials, the course topics are developed through instructor lectures, student group presentations, seminars, and workshops. Practical sessions are guided to ensure effective application of the theoretical concepts studied.","Plásticos y polímeros, Procesos químicos","Presencial","Estudiantes de posgrado","Intermedio","64 horas de dictado - 128 horas de carga horaria","Español","https://drive.google.com/file/d/1Cj9079TS7pUWRb7Ev7ZvFQ2C744NEYDG/view?usp=drive_link","Mediante talleres y un examen","Aprobación","polimerización, copolimerización, síntesis de polímeros / polymerization, copolymerization, polymer synthesis","Área Curricular de Ingeniería Química y Ambiental - Universidad Nacional de Colombia - Sede Bogotá dirareaciqa_fibog@unal.edu.co (+57) (601) 3165000 Ext. 14304 Dirección: Bogotá, Av. Cra 30 N. 45 -03, Edificio 412 oficina 212"
"20",20,"Universidad Nacional De Colombia","Mercadotecnia, innovación y emprendimiento","Marketing, Innovation and Entrepreneurship","El curso integra fundamentos de mercadotecnia, emprendimiento e innovación, abarcando marketing mix, comportamiento del consumidor y responsabilidad social empresarial con énfasis en sostenibilidad y economía circular. También desarrolla herramientas para formular propuestas de valor, definir recursos, costos y canales de venta, y aplicar metodologías creativas para generar, evaluar y presentar ideas de negocio con enfoque sostenible.","The course integrates fundamentals of marketing, entrepreneurship, and innovation, covering the marketing mix, consumer behavior, and corporate social responsibility with an emphasis on sustainability and circular economy. It also develops tools to formulate value propositions, define resources, costs, and sales channels, and apply creative methodologies to generate, evaluate, and present sustainable business ideas.","Presentaciones magistrales, talleres prácticos de los temas cubiertos y presentaciones por parte de los estudiantes.","Lectures, hands-on workshops on the covered topics, and student presentations.","Innovación y tecnología","Presencial","Operarios / técnicos, Estudiantes de grado, Estudiantes de posgrado, Profesionales de la industria, Público general","Introductorio / básico","64 horas de dictado","Español/Inglés","https://drive.google.com/file/d/1KKc6OpaEjyf0vqTwbnBV3YrDT38PRNDx/view?usp=drive_link","Mediante presentaciones de los temas de cada módulo","Aprobación, Participación/Asistencia","mercadotecnia, innovación, emprendimiento / marketing, innovation, entrepreneurship","Unidad Camilo Torres - Universidad Nacional de Colombia - Sede Bogotá Calle 44 no. 45 – 67 bloque b6 último piso. Bogotá D.C. - Colombia(+57) 1-3165000 EXT 10724cinternac_fibog@unal.edu.co"
"21",21,"Universidad Central","Uso efectivo de equipos para operadores","Effective Use of Equipment for Operators","*Plan de mantenimiento a maquinaria *Revisión de los cuadros eléctricos y el sistema de refrigeración *Optimización de prácticas de control Incluyendo actividades en laboratorio a convenir","Preventive maintenance plan for machinery  Inspection of electrical panels and cooling systems  Optimization of control practices  Optional laboratory-based activities","Capacitación dirigida a usuarios, operadores, supervisores de planta en contacto con maquinaria para producción y reciclaje plástico (trituradora, caldera, inyectora, sopladoras, entre otras). Para el acompañamiento y formación en el uso de maquinaria, diseño de planes de mantenimiento preventivo considerando componentes eléctricos, mecánicos, electrónicos y de software. Esto prolonga la vida útil de los equipos, reduce fallos, evita demoras y disminuye costos por reparaciones o compra de repuestos. Ideal para pymes que buscan mejorar la eficiencia, sostenibilidad de sus procesos, optimizando el uso de maquinaria al maximizar su funcionamiento, reduciendo tiempos muertos. Consolidando un conocimiento estructurado y fortalecido en los operarios.","Training is provided for users, operators, and plant supervisors who work with machinery for plastics production and recycling (shredders, boilers, injection molding machines, blow molders, among others). The service includes technical support and training in machinery operation, as well as the design of preventive maintenance plans that consider electrical, mechanical, electronic, and software components.

This contributes to extending equipment lifespan, reducing failures, avoiding downtime, and lowering costs associated with repairs or spare parts. It is ideal for SMEs seeking to improve process efficiency and sustainability by optimizing machinery performance, reducing idle times, and strengthening operators’ technical knowledge through structured training.","Plásticos y polímeros, Energía, Innovación y tecnología, Gestión y seguridad","Virtual - Asincrónico, Presencial, A convenir","Operarios / técnicos, Estudiantes de grado, Estudiantes de posgrado, Profesionales de la industria","Intermedio","Horas de dictado 24 - Carga horaria estimada 30","Español","https://drive.google.com/drive/folders/1sbkfplFN41H7IIvxX5Pt9GLvRth9tW69?usp=drive_link",NA,"Aprobación, Participación/Asistencia","*Equipos *Producción *Optimización *Equipment  *Production  *Optimization","direccioninvestigacionytc@ucentral.edu.co"
"22",22,"Universidad Central","Diplomado Gestionando y Reciclando","Managing and Recycling","Consta de cuatro módulos: ambiental, administrativo, financiero y de desarrollo personal. Ofrece formación en gestión ambiental, logística, marketing digital, comunicación, comercialización, legislación, ciclo de vida del producto, contabilidad, financiación, liderazgo, emprendimiento y herramientas ofimáticas","The program consists of four modules environmental, administrative, financial, and personal development and provides training in environmental management, logistics, digital marketing, communication, commercialization, legislation, product life cycle, accounting, financing, leadership, entrepreneurship, and office software tools","El diplomado Gestionando y Reciclando fortalece el componente social y económico del reciclaje, promoviendo la visibilidad, inclusión y bienestar de la comunidad recicladora. Consta de cuatro módulos: ambiental, administrativo, financiero y de desarrollo personal. Ofrece formación en gestión ambiental, logística, marketing digital, comunicación, comercialización, legislación, ciclo de vida del producto, contabilidad, financiación, liderazgo, emprendimiento y herramientas ofimáticas, impulsando su rol clave en la economía circular.","The Managing and Recycling program strengthens the social and economic components of recycling by promoting the visibility, inclusion, and well-being of the recycler community. The program consists of four modules environmental, administrative, financial, and personal development and provides training in environmental management, logistics, digital marketing, communication, commercialization, legislation, product life cycle, accounting, financing, leadership, entrepreneurship, and office software tools. This supports and enhances their key role in the circular economy.","Plásticos y polímeros, Medioambiente, Innovación y tecnología, Gestión y seguridad","Virtual - Sincrónico, Presencial, A convenir","Operarios / técnicos, Profesionales de la industria","Introductorio / básico","50 horas en 13 sesiones","Español","https://drive.google.com/drive/folders/1YkTxxlNvOZ0B9qB1oI-KW7KQPaENo7vQ?usp=drive_link",NA,"Aprobación, Participación/Asistencia","*Gestión *Formación *Recicladores *Management *Training *Recyclers","direccioninvestigacionytc@ucentral.edu.co"
"23",23,"Universidad Central","Medición de sostenibilidad","Sustainability Measurement","*Medición de huellas de carbono, hídrica, ambiental *Índices de sostenibilidad, *Indicadores de ecoeficiencia, de producción limpia, análisis ambiental de proceso","Measurement of carbon, water, and environmental footprints  Sustainability indices  Eco-efficiency and cleaner production indicators  Environmental process analysis","El servicio de capacitación en medición de sostenibilidad fortalece las capacidades empresariales para evaluar el desempeño ambiental de procesos productivos. A través del uso de indicadores de ecoeficiencia y sostenibilidad, se abordan herramientas para cuantificar huellas de carbono, hídrica y ecológica, identificar factores críticos de impacto y promover la producción limpia. Esta formación apoya la toma de decisiones orientadas a la optimización ambiental y la mejora continua del desempeño sostenible en el sector plástico.","The sustainability measurement training service strengthens corporate capabilities to evaluate the environmental performance of production processes. Through the use of eco-efficiency and sustainability indicators, the program introduces tools to quantify carbon, water, and ecological footprints, identify critical impact factors, and promote cleaner production. This training supports decision-making aimed at environmental optimization and continuous improvement of sustainable performance in the plastics sector.","Plásticos y polímeros, Energía, Medioambiente, Innovación y tecnología","Virtual - Sincrónico, Presencial, A convenir","Operarios / técnicos, Estudiantes de grado, Estudiantes de posgrado, Profesionales de la industria","Introductorio / básico","24 Horas de dictado- Carga horaria estimada 32 horas","Español-Ingles","https://drive.google.com/drive/folders/1QRTh4PQKw_x2HuOymhZi9hVewwnjJ1r2?usp=sharing",NA,"Aprobación, Participación/Asistencia","*Indicadores *Huellas *Ecoeficiencia *Indicators  *Footprints  *Eco-efficiency","direccioninvestigacionytc@ucentral.edu.co"
"24",24,"Universidad Nacional De Río Negro","Plan de Educación y Concientización Ambiental","Environmental Education and Awareness Plan","El Plan cuenta con dos etapas: 1) capacitación teórico-práctica de educación ambiental, focalizado en fomentar el reciclaje de residuos como hábito saludable y estratégico para fomentar una correcta gestión de los mismos, como también fortalecer y potenciar una economía circular y sustentable. Los cursos están orientados a diferentes públicos y niveles de complejidad; 2) puesta en marcha de una prueba piloto dentro de la institución,  de separación de residuos húmedos y secos para su correcto reciclado.","The Plan has two stages: 1) theoretical and practical environmental education training, focused on promoting waste recycling as a healthy and strategic habit to encourage proper waste management, as well as strengthening and enhancing a circular and sustainable economy. The courses are geared towards different audiences and levels of complexity; 2) implementation of a pilot program within the institution for separating wet and dry waste for proper recycling.","El Plan de Educación y Concientización Ambiental tiene instancias teóricas y prácticas. La cantidad de encuentros varía según la necesidad de la organización requirente, al igual que el nivel de profundidad de sus contenidos. También, dependiendo la ciudad y la evolución del Sistema Local del Reciclado, se harán visitas en pos de ilustrar a los participantes sobre el circuito de los residuos reciclables.","The Environmental Education and Awareness Plan includes both theoretical and practical components. The number of sessions varies depending on the needs of the requesting organization, as does the level of detail covered. Additionally, depending on the city and the development of the local recycling system, visits will be organized to illustrate the recycling process to participants.
","Medioambiente","Presencial","organizaciones varias: Sector Público (ministerios, escuelas, Universidades, etc) Sector Privado (empresas, industria, negocios, etc)","Intermedio","Horas de Dictado: 10 horas reloj. Horas estimadas: 10 horas reloj (horas de estudio, actividades experimentales, visitas guiadas, resolución de cuestionarios, etc.)","Español","https://drive.google.com/drive/u/2/folders/1pvL-ttf1I6f_QveLdSUmmGCi8iXzxLn-","Los participantes habilitados a ser evaluados, serán aquellos que asistieron al 75\% o más de los encuentros obligatorios. La evaluación consiste en que cada miembro deberá exponer oralmente una propuesta de prueba piloto para su organización.","Aprobación","Plásticos - Impacto-  Circularidad / Plastics - Impact - Circularity","Julián Arribas jarribas@unrn.edu.ar; María Florencia Agosto, magosto@unrn.edu.ar"
"25",25,"Universidad Nacional De Río Negro","Impacto Ambiental de Plásticos","Environmental Impact of Plastics","Evaluación del destino y efectos de plásticos en ecosistemas acuáticos como indicador de fugas en la economía circular. Se aborda la interacción de microplásticos con matrices ambientales y su impacto ecotoxicológico en la biota (macroinvertebrados y peces). Análisis de riesgo ambiental para fundamentar estrategias de mitigación y rediseño de procesos productivos sostenibles.","Assessment of the fate and effects of plastics in aquatic ecosystems as an indicator of leakage in the circular economy. The interaction of microplastics with environmental matrices and their ecotoxicological impact on biota (macroinvertebrates and fish) are addressed. Environmental risk analysis is conducted to inform mitigation strategies and the redesign of sustainable production processes","El curso se desarrolla bajo una modalidad teórico-práctica 100\% virtual, permitiendo al participante avanzar a su propio ritmo a través de módulos que cubren desde la clasificación y propiedades fisicoquímicas de los polímeros hasta sus procesos de transformación y reciclaje. La dinámica integra videoclases explicativas, lectura de material técnico y análisis de casos reales sobre selección de materiales, complementado con foros de consulta docente y una evaluación final integradora que certifica la comprensión del ciclo de vida de los plásticos.","The course is delivered entirely online, combining theory and practice, allowing participants to progress at their own pace through modules that cover everything from the classification and physicochemical properties of polymers to their transformation and recycling processes. The course incorporates explanatory video lectures, technical readings, and real-world case studies on material selection, complemented by online forums for instructor questions and a final comprehensive assessment that certifies understanding of the plastics life cycle.
","Medioambiente","Virtual - Asincrónico","Profesionales de la industria","Intermedio","10 horas","español","https://drive.google.com/file/d/168CJAbVPkhUMbzMMNiE3uAd_7zd4rtbk/view?pli=1 https://drive.google.com/file/d/1kAlOS5C8dZMxchU27M1LHfGAC9sq3J5m/view?pli=1","La aprobación del curso requiere la elaboración de un trabajo de análisis material basado en un objeto plástico real seleccionado por la/el estudiante. Esta instancia evalúa la capacidad de transferir la teoría a la práctica mediante la caracterización física del polímero, la deducción de su proceso de manufactura a través de la inspección visual y el diseño de una estrategia de fin de vida (reciclaje o disposición en el ambiente) acorde a la infraestructura real de su localidad. La entrega se realiza en formato multimedia para evaluar la observación empírica y la integración de los contenidos /  Course approval requires the completion of a materials analysis project based on a real plastic object selected by the student. This project assesses the ability to transfer theory to practice through the physical characterization of the polymer, the deduction of its manufacturing process through visual inspection, and the design of an end-of-life strategy (recycling or environmental disposal) appropriate to the existing infrastructure in their local area. The project is submitted in multimedia format to evaluate empirical observation and the integration of course content","Aprobación, Participación/Asistencia","Plásticos - Impacto-  Circularidad / Plastics - Impact - Circularity","Pablo Macchi, pmacchi@unrn.edu.ar"
"26",26,"Universidad Nacional De Río Negro","Formación para Mandos Medios y Gerenciales en gestión y liderazgo","Training for middle and senior managers in management and leadership","Comunicación Poder, Desempeño y Reputación Liderazgo Administración del Tiempo Metodologías Ágiles Delegación efectiva Presentaciones Orales  Análisis y resolución de problemas Gestión de equipos de trabajo de alto desempeño Conflicto y negociación Gestión del Cambio","Communication Power, Performance, and Reputation Leadership Time Management Agile Methodologies Effective Delegation Oral Presentations Analysis and Problem Solving High-Performance Team Management Conflict and Negotiation Change Management","El presente programa tiene por fin brindar herramientas a los mandos medios de empresas y organnismos públicos. Para ello se persiguen los objetivos que se detallan a continuación.
● Establecer un ámbito de indagación y participación activa en el cual se exploren los diversos aspectos a tener en cuenta en la formación de los mandos medios a fin de lograr relaciones laborales efectivas y de alto desempeño basadas en la confianza y la empatía.
● Indagar respecto de las habilidades y prácticas del liderazgo, y entenderlo en el contexto organizacional específico (estructura, estrategia y cultura organizacional): ¿de qué manera la división de tareas y su coordinación facilita o dificulta la gestión de personas? ¿cómo influye el propio desempeño y la reputación en la formación de líderes? ¿qué rol tienen los líderes respecto a la formación y el mantenimiento de la cultura?
● Revisar las propias prácticas: ¿Qué habilidades humanas, técnicas o conceptuales serán necesarias para convertirse en líder del propio equipo? ¿Qué aspectos de la relación “supervisor – supervisado” se pueden mejorar, y de qué forma, para componer una relación más efectiva? ¿Cuáles son las prácticas que utilizan las jefaturas actualmente? ¿De qué manera están afectando esas prácticas los objetivos de la organización? ¿De qué forma las prácticas actuales nos acercan o alejan de los valores organizacionales?
● Conocer diversos estilos de liderazgo según el contexto y los grupos: ¿qué estilo de liderazgo resulta ser más efectivo según el caso? ¿Cómo se mejora el propio estilo de liderazgo?
● Reflexionar acerca del significado del trabajo del “Jefe” o “Jefa”: ¿es necesario remodelar la concepción tradicional de este tipo de cargos? ¿Qué le piden las empresas al “Jefe” o a la “Jefa” en estos días? ¿sirve la gestión “tradicional” en tiempos y ámbitos de trabajo basado en el conocimiento? ¿en qué aspectos se diferencian el ser jefe/jefa o líder? ¿De qué factores depende la construcción del liderazgo?
● Mejorar las prácticas gerenciales, tales como: comunicación, resolución de problemas, toma de decisiones, conflicto y negociación, delegación, gestión del cambio, motivación y gestión de equipos de alto desempeño. Necesidad de comprensión del propósito organizacional, y del aporte personal y grupal a dicho propósito.
","This program aims to provide tools for managers in companies and public organizations. To this end, the following objectives are pursued:
-To establish an environment of active participation in which the various aspects to consider in the training of middle managers are explored in order to achieve effective and high-performing working relationships based on trust and empathy.
-To investigate leadership skills and practices, and understand them within the specific organizational context (structure, strategy, and organizational culture): How does the division of tasks and their coordination facilitate or hinder people management? How does personal performance and reputation influence leadership development? What role do leaders play in shaping and maintaining organizational culture
-Review your own practices: What human, technical, or conceptual skills will be necessary to become a team leader? What aspects of the supervisor-supervisor relationship can be improved, and how, to create a more effective relationship? What practices are managers currently using? How are these practices affecting the organization's objectives? How do current practices bring us closer to or further from the organization's values?
-Understand different leadership styles according to the context and the groups: Which leadership style is most effective in each case? How can one's own leadership style be improved?
-To ponder on the meaning of the role of ""Boss"": Is it necessary to reshape the traditional conception of this type of position? What do companies ask of their ""Boss"" these days? Is ""traditional"" management still effective in times and environments of knowledge-based work? In what aspects does being a boss differ from being a leader? What factors contribute to building leadership?
-To improve management practices, such as communication, problem-solving, decision-making, conflict and negotiation, delegation, change management, motivation, and high-performing team management. A need for understanding the organizational purpose and the personal and group contribution to that purpose.","Gestión y seguridad","A convenir","Operarios / técnicos, Estudiantes de grado, Estudiantes de posgrado, Profesionales de la industria, Directivos","Intermedio","51 horas (ajustable a necesidades específicas)","Español","https://drive.google.com/drive/u/0/folders/12XKOF3ofJfvL5ikuSObLijQ7-sg71gQ4   https://drive.google.com/drive/u/0/folders/12XKOF3ofJfvL5ikuSObLijQ7-sg71gQ4","N/A","Participación/Asistencia","COMUNICACIÓN,  DESARROLLO DE EQUIPOS DE ALTO DESEMPEÑO, DELEGACIÓN EFECTIVA / COMMUNICATION, HIGH-PERFORMANCE TEAM DEVELOPMENT, EFFECTIVE DELEGATION","Lic. Daniel Natapof y Mg. Juan Martín Quiroga, jquiroga@unrn.edu.ar; María Paula Awe Luca mpaweluca@unrn.edu.ar"
"27",27,"Universidad Nacional De Río Negro","Metagenómica y Biotecnología para Economía Circular","Metagenomics and Biotechnology for a Circular Economy","Introducción a la ecología microbiana y su aplicación en la degradación y valorización de residuos poliméricos. Herramientas de bioinformática y metagenómica para el estudio del microbioma en ambientes impactados. Estrategias de bioprospección para identificar enzimas con capacidad de degradar plásticos. Bioeconomía y procesos sostenibles en la industria.","Introduction to microbial ecology and its application in the degradation and valorization of polymeric waste. Bioinformatics and metagenomics tools for studying the microbiome in impacted environments. Bioprospecting strategies to identify enzymes capable of degrading plastics. Bioeconomy and sustainable processes in industry.","Se lleva adelante mediante clases expositivas con ejercitación de aplicación","It is carried out through lectures with application exercises.","Innovación y tecnología","Virtual - Sincrónico, Presencial","Estudiantes de posgrado","Avanzado","50 HORAS","español","https://drive.google.com/file/d/1Fhv3Nla-7LGaxY5gDNFqtQyVF-QKePlA/view","Se evalua de manera presencial a partir de la defensa de una situación problemática a resolver","Aprobación, Participación/Asistencia","Metagenómica, Bioprocesos, Biodegradación / Metagenomics, Bioprocesses, Biodegradation.","Investigadora Paula Andrea Paez, ppaez@unrn.edu.ar; María Paula Awe Luca, mpaweluca@unrn.edu.ar"
"28",28,"Universidad Nacional De Río Negro","Formación de emprendedores","Entrepreneur training","Emprendedorismo, ideas y oportunidades de negocios La gestión empresarial Modelo de negocios Canvas Análisis de Costos Plan de Negocios Comunicación Gestión del tiempo y Metodologías ágiles","Entrepreneurship, ideas, and business opportunities Business management Business Model Canvas Cost analysis Business plan Communication Time management and agile methodologies","Este programa teórico-práctico, con modalidad de taller, busca generar y/o fortalecer las competencias y habilidades necesarias para desarrollar un emprendimiento competitivo. Para esto se propone hacer un recorrido por diversas temáticas fundamentales para que las y los emprendedores puedan detectar/construir oportunidades de negocios y potenciar su aprovechamiento. Para ello el programa recorre aspectos necesarios para el desarrollo de negocios exitosos: Introducción a la gestión: diferencia entre ideas y oportunidades de negocios; modelo de negocio; estrategia comercial; gestión de costos; gestión de equipos trabajo; y Metodologías ágiles y gestión del tiempo.
","This theoretical and practical workshop-style program aims to develop and/or strengthen the skills and competencies necessary to create a competitive business. To this end, it explores various fundamental topics so that entrepreneurs can identify and develop business opportunities and maximize their potential. The program covers aspects essential for developing successful businesses: Introduction to management: the difference between business ideas and opportunities; business model; commercial strategy; cost management; team management; and agile methodologies and time management.","Gestión y seguridad, a conversar en función del área del emprendimiento competitivo","A convenir","Operarios / técnicos, Estudiantes de grado, Estudiantes de posgrado, Profesionales de la industria","Intermedio","21 horas.","Español","https://drive.google.com/file/d/1j0R1JDzBwf9HxF9wq3CJ6jery3gwk9uX/view  https://drive.google.com/file/d/10qlZVWohPySvSzqbPL84Rsd6E7hMJeNl/view","N/A","Participación/Asistencia","Emprendedurismo, Gestión, emprendimientos sociales /  Entrepreneurship, Management, Social Enterprises","Lic. Daniel Natapof y Mg. Juan Martín Quiroga, jquiroga@unrn.edu.ar; María Paula Awe Luca, mpaweluca@unrn.edu.ar"
"29",29,"Pontificia Universidad Católica De Valparaíso","Herramientas para la Determinación de la Huella de Carbono y Análisis de Ciclo de Vida","Tools for Carbon Footprint Assessment and Life Cycle Analysis","Curso teórico-práctico que introduce metodología y etapas del ACV, herramientas como SimaPro, casos reales y ejercicios aplicados. Incluye talleres grupales para desarrollar ACV y Huella de Carbono, análisis comparativo y presentación de resultados técnicos.","The course provides theoretical and practical training in LCA methodology, including SimaPro use, real case studies, applied exercises, and group workshops for developing Carbon Footprint and LCA analyses, ending with a presentation of results.","El curso combina clases expositivas, análisis de casos y talleres grupales. Las actividades incluyen ejercicios prácticos con SimaPro, elaboración de inventarios, discusión guiada y una evaluación final basada en un informe y presentación grupal.","The course combines lectures, case analysis, and group workshops. Activities include practical exercises using SimaPro, inventory development, guided discussions, and a final assessment based on a group report and presentation.","Medioambiente","Presencial","Operarios / técnicos, Estudiantes de posgrado, Profesionales de la industria","Intermedio","30","Español","https://drive.google.com/drive/folders/1Myf5-2DF0ORFkqOSWhWUaRqT10vvxXA_?usp=sharing","Evaluación mediante un trabajo grupal sobre ACV y Huella de Carbono, que incluye informe escrito y presentación final. Escala 1.0 a 7.0; aprobación con nota mínima 4.0.  Assessment through a group project on LCA and Carbon Footprint, including a written report and a final presentation. Grading scale: 1.0 to 7.0, with a minimum passing score of 4.0.","Aprobación","huella de carbono, ACV, sostenibilidad / carbon footprint, LCA, sustainability","Coordinación de Capacitación NBC capacitacion@nbcpucv.cl +56322274824"
"30",30,"Pontificia Universidad Católica De Valparaíso","Diplomado en Economía Circular y Gestión de Residuos","Diploma in Circular Economy and Waste Management","Programa que aborda modelos de producción circular, Ley de Responsabilidad Extendida del Productor, gestión integral de residuos, ecodiseño, análisis normativo y excelencia operacional en sostenibilidad. Incluye revisión de casos, trabajo aplicado en módulos y enfoque práctico para implementar estrategias circulares.","Program covering circular production models, the Extended Producer Responsibility Law (EPR), integrated waste management, ecodesign, regulatory frameworks, and operational excellence in sustainability. Includes case analysis, applied module work, and practical tools to implement circular strategies.","Diplomado dictado en modalidad virtual sincrónica, con clases en vivo, actividades aplicadas por módulo y trabajo en clase para reforzar contenidos. Las sesiones combinan exposiciones teóricas, ejercicios guiados y análisis de experiencias reales de implementación.","This diploma is delivered through synchronous virtual classes, with live lectures, applied module activities, and in-class exercises. Sessions combine theoretical instruction, guided practice, and analysis of real implementation experiences.","Medioambiente, Gestión y seguridad","Virtual - Sincrónico","Operarios / técnicos, Profesionales de la industria","Intermedio","100","Español","https://drive.google.com/drive/folders/1inks9h7VSxdhTUR1W44tIsM60XDXYoAs?usp=sharing","Evaluación por módulos mediante actividades prácticas en clase y ejercicios guiados. Incluye pruebas online y un enfoque progresivo según contenidos de cada unidad. Las sesiones contemplan aplicación de normativa, análisis y trabajo estructurado.  Assessment per module through practical in-class activities and guided exercises. Includes online tests and progressive evaluation aligned with each module’s content, including regulation analysis and applied work.","Aprobación","economía circular, residuos, Ley REP / circular economy, waste, EPR law","Coordinación de Capacitación NBC capacitacion@nbcpucv.cl +56322274824"
"31",31,"Pontificia Universidad Católica De Valparaíso","Diplomado en Medición, Reporte y Verificación de Emisiones y Reducciones de GEI","Diploma in Measurement, Reporting and Verification of GHG Emissions and Reductions","Diplomado orientado a formar especialistas en MRV de emisiones y reducciones de GEI para certificación voluntaria. Aborda conceptos de cambio climático, metodologías internacionales, cuantificación de emisiones, reporte, verificación, normativa vigente y casos prácticos aplicados a distintos sectores productivos.","Diploma aimed at training specialists in GHG emission and reduction MRV for voluntary certification. Covers climate change concepts, international methodologies, emission quantification, reporting, verification, current regulations, and practical case studies across productive sectors.","El diplomado se dicta mediante clases online sincrónicas, actividades en plataforma e-learning, desarrollo de ejercicios aplicados, trabajo colaborativo y evaluaciones por módulo. Incluye revisión de normativa, análisis de factores de emisión y uso de guías y manuales técnicos.","The diploma is delivered through synchronous online lectures, e-learning activities, applied exercises, collaborative work, and module-based assessments. Includes review of regulations, analysis of emission factors, and use of technical guides and manuals.","Medioambiente, Gestión y seguridad, Emisiones de Gases de Efecto Invernadero","Virtual - Sincrónico, Virtual - Asincrónico","Operarios / técnicos, Profesionales de la industria","Intermedio","90","Español","https://drive.google.com/drive/folders/1DQToRCXQrucHWcFnPYZQtIIWFhqr2Cs-?usp=sharing","Evaluación mediante pruebas en línea, actividades por módulo y un examen integrador. Se aplican técnicas escritas con preguntas objetivas y desarrollo, además de ejercicios prácticos. Escala 1.0-7.0, con nota mínima 4.0.  Assessment through online tests, module-based assignments, and a final integrative exam. Includes written evaluations with objective and open questions, as well as applied exercises. Grading uses a 1.0-7.0 scale with a minimum passing score of 4.0.","Aprobación","GEI, MRV, emisiones / GHG, MRV, emissions","Coordinación de Capacitación NBC capacitacion@nbcpucv.cl +56322274824"
"32",32,"Pontificia Universidad Católica De Valparaíso","Diplomado en Normativa y Química Ambiental","Diploma in Environmental Regulation and Chemistry","El diplomado entrega conocimientos para aplicar criterios analíticos a problemáticas ambientales, sus efectos tóxicos y el control de la contaminación. Forma en gestión de proyectos según normativa vigente y en el análisis de muestras ambientales, abordando toma, tratamiento, análisis e interpretación de resultados en distintas etapas.","The diploma provides knowledge on how to apply analytical criteria to environmental issues, their toxic effects, and pollution control. It trains students in project management in accordance with current regulations and in the analysis of environmental samples, addressing sampling, treatment, analysis, and interpretation of results at different stages.","El curso se basa en el aprendizaje activo, mediante el análisis de casos reales y tutorías personalizadas. Se promueve una formación interdisciplinaria orientada a la sustentabilidad.","The course uses active learning through real case analysis and academic mentoring. It promotes interdisciplinary training focused on sustainability.","Medioambiente, Procesos químicos","Presencial","Estudiantes de grado, Profesionales de la industria","Intermedio","""Horas de dictado: 120 horas Carga horaria estimada: 180 horas","Español","https://drive.google.com/drive/folders/1JnbBntC4OHzEq4e7b4VSUZGxu2eR-E1W?usp=sharing","""ESPAÑOL: Se evalúa mediante trabajos aplicados y participación activa en el desarrollo de casos reales. INGLÉS: Evaluation is based on applied assignments and active participation in real case development.","Aprobación","""ESPAÑOL: normativa ambiental, sustentabilidad, química INGLÉS: environmental regulation, sustainability, chemistry","datyc.quimica@pucv.cl"
"33",33,"Pontificia Universidad Católica De Valparaíso","Diplomado en Materiales para la Ingeniería","Diploma in Materials for Engineering","Profundiza en las propiedades, aplicaciones e identificación de materiales para ingeniería, con énfasis en polímeros para envases, compuestos, mecanismos de falla y métodos de detección. Incluye modelado de sólidos y análisis de desgaste/corrosión. El programa considera sesiones prácticas virtuales y resolución de casos.","In-depth study of the properties, applications, and identification of engineering materials, focusing on polymers for packaging, composites, failure mechanisms, and detection methods. Includes solid modeling and analysis of wear/corrosion. The program features virtual practical sessions and case studies.","El curso se imparte en modalidad online sincrónica, a través de videoconferencias en tiempo real. Las clases se realizan los viernes y sábados, combinando sesiones teóricas, análisis de casos y actividades prácticas supervisadas por académicos expertos y profesionales del sector.","The course is delivered in synchronous online mode through live videoconferences. Classes are held on Fridays and Saturdays, combining theoretical sessions, case analysis, and practical activities supervised by expert academics and professionals from the field.","Plásticos y polímeros, Medioambiente, Innovación y tecnología","Virtual - Sincrónico","Operarios / técnicos, Profesionales de la industria","Avanzado","""Horas de dictado: 132 horas Carga horaria estimada: 160 horas""","Español","https://drive.google.com/drive/folders/1vo2xyBAZrAEe4ol1_tLOznJO3Wtlxbgc?usp=sharing","""Evaluación continua mediante trabajos aplicados, análisis de casos, participación en clases y pruebas por módulo. Evaluation: Ongoing evaluation through applied work, case analysis, class participation, and module assessments.","Aprobación","""Español: Materiales, Polímeros, Envases  Inglés: Materials, Polymers, Packaging""","Cristóbal Galleguillos Ketterer, cristobal.galleguillos@pucv.cl"
"34",34,"Pontificia Universidad Católica De Valparaíso","Diplomado en Acción Climática","Diploma in Climate Action","Se abordan herramientas y estrategias para la acción climática a nivel territorial, con énfasis en gobernanza, sustentabilidad, economía circular y mitigación. Incluye casos prácticos y aplicación de metodologías activas para el diseño e implementación de estrategias en contextos reales.","Tools and strategies for climate action at territorial level, with emphasis on governance, sustainability, circular economy and mitigation. Includes practical cases and active learning methodologies applied to real-world contexts.","El curso combina clases teóricas con trabajo aplicado, uso de estudios de caso nacionales, diseño de estrategias reales y participación de actores públicos y privados. Metodología participativa con enfoque en aprendizaje activo y colaborativo.","The program combines theoretical classes with applied work, national case studies, design of real strategies and participation of public and private actors. It uses participatory methodologies with a focus on active and collaborative learning.","Medioambiente","Virtual - Sincrónico","Profesionales de la industria","Intermedio","""Horas de dictado: 102 horas Carga horaria estimada: 130 horas""","Español","https://drive.google.com/drive/folders/1NIDSCjTID_Teky1rLZBC0Flbyi7XQ-Vd?usp=sharing","""ESPAÑOL: Evaluación basada en desarrollo de estrategias territoriales, participación activa y entrega de proyecto final. ENGLISH: Evaluation based on development of territorial strategies, active participation, and final project delivery.""","Aprobación","ESPAÑOL: acción climática, sustentabilidad, economía circular INGLÉS: climate action, sustainability, circular economy""","accionclimatica@pucv.cl"
"35",35,"Pontificia Universidad Católica De Valparaíso","Diplomado Internacional en Innovación","International Diploma in Innovation","Se abordan modelos y herramientas para la gestión de innovación, desde la generación de ideas hasta su implementación. Se trabaja con metodologías como Design Thinking y Lean Startup, y se revisan experiencias y buenas prácticas internacionales. Incluye aplicación práctica en contextos organizacionales reales.","Covers models and tools for innovation management, from idea generation to implementation. Methodologies such as Design Thinking and Lean Startup are explored, along with international best practices. Includes practical application in real organizational contexts.","El diplomado combina clases sincrónicas en línea, trabajo individual y colaborativo, análisis de casos, participación de docentes internacionales y aplicación práctica en desafíos de innovación.","The program combines online live sessions, individual and group work, case analysis, contributions from international lecturers, and practical application to innovation challenges.","Innovación y tecnología","Virtual - Sincrónico","Estudiantes de posgrado, Profesionales de la industria","Intermedio","Horas de dictado: 96 Carga horaria estimada: 144""","Español","https://drive.google.com/drive/folders/1dgs2kzerCwSEJgY02XuORbAaOISph8SI?usp=sharing","""ESPAÑOL: Evaluación basada en participación, actividades prácticas y presentación de propuestas de innovación. INGLÉS: Evaluation based on participation, practical activities, and presentation of innovation proposals.""","Aprobación","Español: innovación, estrategia, gestión Inglés: innovation, strategy, management""","diplomados.cii@pucv.cl"
"36",36,"Pontificia Universidad Católica De Valparaíso","Introducción a Impresión 3D y Corte Láser","Introduction to 3D Printing and Laser Cutting","Fundamentos de fabricación digital, uso seguro y práctico de impresoras 3D y cortadoras láser, parámetros básicos de operación, software de diseño, y desarrollo de un prototipo funcional. Incluye sesiones prácticas en taller.","Basics of digital fabrication, safe and practical use of 3D printers and laser cutters, key operational parameters, design software, and development of a functional prototype. Includes hands-on lab sessions.","Capacitaciones semanales abiertas a toda la comunidad PUCV y entorno emprendedor. Combinan sesiones teóricas y prácticas en el ValpoMaker, donde los participantes aplican lo aprendido desarrollando piezas reales.","Weekly training sessions open to the PUCV community and local entrepreneurs. Combines theory and hands-on learning at ValpoMaker, enabling participants to fabricate real components and prototypes.","Innovación y tecnología","Presencial","Operarios / técnicos, Estudiantes de grado, Estudiantes de posgrado, Profesionales de la industria","Introductorio / básico","8 horas efectivas / 12 horas estimadas","Español","https://drive.google.com/drive/folders/1nFDiiXHKoAbt97M9dAo1cxWI_zeDSk1W?usp=sharing","""Español: Evaluación práctica mediante la fabricación de un prototipo funcional. Inglés: Practical evaluation through the fabrication of a functional prototype.""","Otra","""impresión 3D / corte láser / prototipado 3D printing / laser cutting / prototyping""","""Carolina Marcela Escobar Inostroza carolina.escobar@pucv.cl Cesar Eduardo Cofre Reyes cesar.cofre@pucv.cl Patricia Olave Rocuant patricia.olave@pucv.cl"
"37",37,"Universidad Nacional Del Sur","Capacitación básica sobre clasificación y reciclado mecánico de plásticos","Basic training on plastic classification and mechanical recycling","El temario incluye conceptos básicos desde qué son los plásticos y cómo se comportan bajo distintas solicitaciones, hasta por qué es importante no mezclarlos. Se abordarán, además, temas relativos a la clasificación de plásticos con técnicas accesibles, conceptos y criterios básicos de reciclado mecánico y medidas de seguridad a tener en cuenta en el proceso. Asimismo, se analizará el rol ambiental del trabajo de clasificación dentro de la economía circular de estos materiales.","The course covers basic topics such as what plastics are and how they behave under different conditions, and why it is important not to mix them. It also includes topics related to plastic classification using accessible techniques, fundamental concepts and criteria of mechanical recycling, and safety procedures to be considered during the process. In addition, the environmental role of sorting activities within the circular economy of these materials will be analyzed.","La capacitación contempla un enfoque participativo incluyendo la experiencia específica de los miembros de la audiencia. Se utilizarán preguntas disparadoras, orientadas a facilitar la comprensión y apropiación de contenidos a través de situaciones reales de trabajo. Se priorizará el uso de recursos visuales, ejemplos concretos y actividades prácticas con materiales reales, promoviendo el aprendizaje por observación, comparación y reflexión colectiva. A lo largo de la capacitación, se tratará de correlacionar los saberes técnicos con la experiencia de los participantes en sus tareas cotidianas, generando un espacio de construcción conjunta del conocimiento. La metodología combina exposiciones breves, dinámicas de grupo, ejercicios de reconocimiento y clasificación de plásticos, y elaboración de pautas simples de separación, todo ello adaptado al contexto operativo de la empresa/cooperativa. Esta estrategia busca fortalecer habilidades técnicas clave para la mejora de los procesos de separación y valorización, promoviendo prácticas más eficientes y ambientalmente responsables.","The training adopts a participatory approach that incorporates the specific experience of the participants. Guiding questions will be used to facilitate understanding and engagement with the content through real work situations. Emphasis will be placed on visual resources, concrete examples, and hands-on activities with real materials, encouraging learning through observation, comparison, and collective reflection. Throughout the sessions, efforts will be made to connect technical knowledge with the participants’ everyday experience, creating a space for joint knowledge building. The methodology combines short presentations, group dynamics, exercises for identifying and classifying plastics, and the development of simple sorting guidelines, all adapted to the operational context of the company/cooperative. This approach aims to strengthen key technical skills for improving separation and recovery processes, while promoting more efficient and environmentally responsible practices.","Plásticos y polímeros, Medioambiente","In Company","Personal abocado a actividades relativas a la separación y reciclado mecánico de plásticos","Introductorio / básico","5 hs/día - 2 días","Español","https://www.freepik.es/foto-gratis/basura-plastica-cinta-transportadora-fabrica-reciclaje-residuos-trabajadores-fondo_59152071.htm#from_element=cross_selling__photo","Al finalizar cada clase se utilizarán herramientas interactivas de ocio para fijar los conceptos aprendidos.","Participación/Asistencia","RESIDUOS PLÁSTICOS, RECICLADO, SOSTENIBILIDAD/PLASTIC WASTE, RECYCLING, SUSTAINABILITY","Dra. Yamila V. Vazquez yvazquez@plapiqui.edu.ar"
